symbol,period,group_id,series_id,alka,aes,atomic_number,cpk_color,jmol_color,series_name,series_color
H,1,1.0,1,"{'trans': ['1s'], 'be': [13.6], 'rsf': [0.0002]}","{'trans': [], 'ke': [], 'rsf': []}",1,#ffffff,#ffffff,Nonmetals,#baa2a6
He,1,18.0,2,"{'trans': ['1s'], 'be': [24.6], 'rsf': [0.0082]}","{'trans': [], 'ke': [], 'rsf': []}",2,#ffc0cb,#d9ffff,Noble gases,#bbbb88
Li,2,1.0,3,"{'trans': ['1s'], 'be': [54.7], 'rsf': [0.0568]}","{'trans': ['KLL'], 'ke': [43], 'rsf': [0.977]}",3,#b22222,#cc80ff,Alkali metals,#a6cee3
Be,2,2.0,4,"{'trans': ['1s'], 'be': [111.5], 'rsf': [0.1947]}","{'trans': ['KLL'], 'ke': [104], 'rsf': [0.456]}",4,#ff1493,#c2ff00,Alkaline earth metals,#1f78b4
B,2,13.0,5,"{'trans': ['1s'], 'be': [188], 'rsf': [0.486]}","{'trans': ['KLL'], 'ke': [179], 'rsf': [0.289]}",5,#00ff00,#ffb5b5,Metalloids,#33a02c
C,2,14.0,1,"{'trans': ['1s'], 'be': [284.2], 'rsf': [1]}","{'trans': ['KLL'], 'ke': [272], 'rsf': [0.209]}",6,#c8c8c8,#909090,Nonmetals,#baa2a6
N,2,15.0,1,"{'trans': ['1s', '2s'], 'be': [409.9, 37.3], 'rsf': [1.8, 0.0867]}","{'trans': ['KLL'], 'ke': [379], 'rsf': [0.159]}",7,#8f8fff,#3050f8,Nonmetals,#baa2a6
O,2,16.0,1,"{'trans': ['1s', '2s'], 'be': [543.1, 41.6], 'rsf': [2.93, 0.1405]}","{'trans': ['KLL'], 'ke': [503], 'rsf': [0.129]}",8,#f00000,#ff0d0d,Nonmetals,#baa2a6
F,2,17.0,6,"{'trans': ['1s'], 'be': [696.7], 'rsf': [4.43]}","{'trans': ['KLL'], 'ke': [647], 'rsf': [0.105]}",9,#daa520,#90e050,Halogens,#fdbf6f
Ne,2,18.0,2,"{'trans': ['1s', '2s', '2p1/2', '2p3/2'], 'be': [870.2, 48.5, 21.7, 21.6], 'rsf': [6.3, 0.296, 0.0347, 0.0683]}","{'trans': ['KLL'], 'ke': [805], 'rsf': [0.0846]}",10,#ff1493,#b3e3f5,Noble gases,#bbbb88
Na,3,1.0,3,"{'trans': ['1s', '2s', '2p1/2', '2p3/2'], 'be': [1070.8, 63.5, 30.65, 30.81], 'rsf': [8.52, 0.422, 0.0654, 0.1287]}","{'trans': ['KLL'], 'ke': [990], 'rsf': [0.0714]}",11,#0000ff,#ab5cf2,Alkali metals,#a6cee3
Mg,3,2.0,4,"{'trans': ['1s', '2s', '2p1/2', '2p3/2'], 'be': [1303, 88.7, 49.78, 49.5], 'rsf': [11.18, 0.575, 0.1125, 0.221]}","{'trans': ['KLL', 'LMM'], 'ke': [1186, 45], 'rsf': [0.0593, 3.43]}",12,#228b22,#8aff00,Alkaline earth metals,#1f78b4
Al,3,13.0,7,"{'trans': ['1s', '2s', '2p1/2', '2p3/2'], 'be': [1559.6, 117.8, 72.95, 72.55], 'rsf': [0.0001, 0.753, 0.1811, 0.356]}","{'trans': ['KLL', 'LMM'], 'ke': [1396, 68], 'rsf': [0.0497, 2.44]}",13,#808090,#bfa6a6,Poor metals,#b2df8a
Si,3,14.0,5,"{'trans': ['1s', '2s', '2p1/2', '2p3/2'], 'be': [1839, 149.7, 99.82, 99.42], 'rsf': [0.0001, 0.955, 0.276, 0.541]}","{'trans': ['KLL', 'LMM'], 'ke': [1619, 92], 'rsf': [0.0417, 1.78]}",14,#daa520,#f0c8a0,Metalloids,#33a02c
P,3,15.0,1,"{'trans': ['1s', '2s', '2p1/2', '2p3/2'], 'be': [2145.5, 189, 136, 135], 'rsf': [0.0001, 1.18, 0.403, 0.789]}","{'trans': ['KLL', 'LMM'], 'ke': [1859, 120], 'rsf': [0.035, 1.36]}",15,#ffa500,#ff8000,Nonmetals,#baa2a6
S,3,16.0,1,"{'trans': ['1s', '2s', '2p1/2', '2p3/2'], 'be': [2472, 230.9, 163.6, 162.5], 'rsf': [0.0001, 1.43, 0.567, 1.11]}","{'trans': ['KLL', 'LMM'], 'ke': [2117, 152], 'rsf': [0.0295, 1.14]}",16,#ffc832,#ffff30,Nonmetals,#baa2a6
Cl,3,17.0,6,"{'trans': ['1s', '2s', '2p1/2', '2p3/2'], 'be': [2822.4, 270, 202, 200], 'rsf': [0.0001, 1.69, 0.775, 1.51]}","{'trans': ['KLL', 'LMM'], 'ke': [2378, 181], 'rsf': [0.0001, 0.984]}",17,#00ff00,#1ff01f,Halogens,#fdbf6f
Ar,3,18.0,2,"{'trans': ['1s', '2s', '2p1/2', '2p3/2', '3s', '3p1/2', '3p3/2'], 'be': [3205.9, 326.3, 250.6, 248.4, 29.3, 15.9, 15.7], 'rsf': [0.0001, 1.97, 1.03, 2.01, 0.227, 0.0821, 0.1597]}","{'trans': ['LMM'], 'ke': [215], 'rsf': [0.827]}",18,#ff1493,#80d1e3,Noble gases,#bbbb88
K,4,1.0,3,"{'trans': ['1s', '2s', '2p1/2', '2p3/2', '3s', '3p1/2', '3p3/2'], 'be': [3608.4, 378.6, 297.3, 294.6, 34.8, 18.3, 18.3], 'rsf': [0.0001, 2.27, 1.35, 2.62, 0.286, 0.1229, 0.239]}","{'trans': ['LMM'], 'ke': [252], 'rsf': [0.723]}",19,#ff1493,#8f40d4,Alkali metals,#a6cee3
Ca,4,2.0,4,"{'trans': ['1s', '2s', '2p1/2', '2p3/2', '3s', '3p1/2', '3p3/2'], 'be': [4038.5, 438.4, 349.7, 346.2, 44.3, 25.4, 25.4], 'rsf': [0.0001, 2.59, 1.72, 3.35, 0.351, 0.172, 0.335]}","{'trans': ['LMM', 'MNN'], 'ke': [291, 20], 'rsf': [0.633, 0.0001]}",20,#808090,#3dff00,Alkaline earth metals,#1f78b4
Sc,4,3.0,8,"{'trans': ['1s', '2s', '2p1/2', '2p3/2', '3s', '3p1/2', '3p3/2'], 'be': [4492, 498, 403.6, 398.7, 51.1, 28.3, 28.3], 'rsf': [0.0001, 2.91, 2.17, 4.21, 0.411, 0.221, 0.429]}","{'trans': ['LMM', 'MNN'], 'ke': [340, 24], 'rsf': [0.563, 0.0001]}",21,#ff1493,#e6e6e6,Transition metals,#e08e79
Ti,4,4.0,8,"{'trans': ['1s', '2s', '2p1/2', '2p3/2', '3s', '3p1/2', '3p3/2'], 'be': [4966, 560.9, 460.2, 453.8, 58.7, 32.6, 32.6], 'rsf': [0.0001, 3.24, 2.69, 5.22, 0.473, 0.276, 0.537]}","{'trans': ['LMM', 'MNN'], 'ke': [418, 27], 'rsf': [0.514, 0.0001]}",22,#808090,#bfc2c7,Transition metals,#e08e79
V,4,5.0,8,"{'trans': ['1s', '2s', '2p1/2', '2p3/2', '3s', '3p1/2', '3p3/2'], 'be': [5465, 626.7, 519.8, 512.1, 66.3, 37.2, 37.2], 'rsf': [0.0001, 3.57, 3.29, 6.37, 0.538, 0.339, 0.657]}","{'trans': ['LMM', 'MNN'], 'ke': [473, 31], 'rsf': [0.471, 5.03]}",23,#ff1493,#a6a6ab,Transition metals,#e08e79
Cr,4,6.0,8,"{'trans': ['1s', '2s', '2p1/2', '2p3/2', '3s', '3p1/2', '3p3/2'], 'be': [5989, 696, 583.8, 574.1, 74.1, 42.2, 42.2], 'rsf': [0.0001, 3.91, 3.98, 7.69, 0.596, 0.4, 0.773]}","{'trans': ['LMM', 'MNN'], 'ke': [529, 36], 'rsf': [0.432, 4.6]}",24,#808090,#8a99c7,Transition metals,#e08e79
Mn,4,7.0,8,"{'trans': ['1s', '2s', '2p1/2', '2p3/2', '3s', '3p1/2', '3p3/2'], 'be': [6539, 769.1, 649.9, 638.7, 82.3, 47.2, 47.2], 'rsf': [0.0001, 4.23, 4.74, 9.17, 0.674, 0.485, 0.938]}","{'trans': ['LMM', 'MNN'], 'ke': [589, 40], 'rsf': [0.397, 3.96]}",25,#808090,#9c7ac7,Transition metals,#e08e79
Fe,4,8.0,8,"{'trans': ['1s', '2s', '2p1/2', '2p3/2', '3s', '3p1/2', '3p3/2'], 'be': [7112, 844.6, 719.9, 706.8, 91.3, 52.7, 52.7], 'rsf': [0.0001, 4.57, 5.6, 10.82, 0.745, 0.569, 1.1]}","{'trans': ['LMM', 'MNN'], 'ke': [703, 47], 'rsf': [0.367, 3.5]}",26,#ffa500,#e06633,Transition metals,#e08e79
Co,4,9.0,8,"{'trans': ['1s', '2s', '2p1/2', '2p3/2', '3s', '3p1/2', '3p3/2'], 'be': [7709, 925.1, 793.2, 778.1, 101, 58.9, 59.9], 'rsf': [0.0001, 4.88, 6.54, 12.62, 0.818, 0.66, 1.27]}","{'trans': ['LMM', 'MNN'], 'ke': [775, 53], 'rsf': [0.341, 3.12]}",27,#ff1493,#f090a0,Transition metals,#e08e79
Ni,4,10.0,8,"{'trans': ['1s', '2s', '2p1/2', '2p3/2', '3s', '3p1/2', '3p3/2'], 'be': [8333, 1008.6, 870, 852.7, 110.8, 68, 66.2], 'rsf': [0.0001, 5.16, 7.57, 14.61, 0.892, 0.757, 1.46]}","{'trans': ['LMM', 'MNN'], 'ke': [848, 61], 'rsf': [0.316, 2.65]}",28,#a52a2a,#50d050,Transition metals,#e08e79
Cu,4,11.0,8,"{'trans': ['1s', '2s', '2p1/2', '2p3/2', '3s', '3p1/2', '3p3/2'], 'be': [8979, 1096.7, 952.3, 932.7, 122.5, 77.3, 75.1], 'rsf': [0.0001, 5.46, 8.66, 16.73, 0.957, 0.848, 1.63]}","{'trans': ['LMM', 'MNN'], 'ke': [920, 60], 'rsf': [0.294, 2.41]}",29,#a52a2a,#c88033,Transition metals,#e08e79
Zn,4,12.0,8,"{'trans': ['1s', '2s', '2p1/2', '2p3/2', '3s', '3p1/2', '3p3/2', '3d3/2', '3d5/2'], 'be': [9659, 1196.2, 1044.9, 1021.8, 139.8, 91.4, 88.6, 10.2, 10.1], 'rsf': [0.0001, 5.76, 9.8, 18.92, 1.04, 0.968, 1.86, 0.33, 0.48]}","{'trans': ['LMM', 'MNN'], 'ke': [994, 59], 'rsf': [0.271, 1.98]}",30,#a52a2a,#7d80b0,Transition metals,#e08e79
Ga,4,13.0,7,"{'trans': ['1s', '2s', '2p1/2', '2p3/2', '3s', '3p1/2', '3p3/2', '3d3/2', '3d5/2'], 'be': [10367, 1299, 1143.2, 1116.4, 159.5, 103.5, 100, 18.7, 18.7], 'rsf': [0.0001, 6.07, 11.09, 21.4, 1.13, 1.1, 2.11, 0.442, 0.643]}","{'trans': ['LMM', 'MNN'], 'ke': [1070, 55], 'rsf': [0.25, 1.57]}",31,#ff1493,#c28f8f,Poor metals,#b2df8a
Ge,4,14.0,5,"{'trans': ['1s', '2s', '2p1/2', '2p3/2', '3s', '3p1/2', '3p3/2', '3d3/2', '3d5/2'], 'be': [11103, 1414.6, 1248.1, 1217, 180.1, 124.9, 120.8, 29.8, 29.2], 'rsf': [0.0001, 6.31, 12.52, 24.15, 1.23, 1.24, 2.39, 0.578, 0.842]}","{'trans': ['LMM', 'MNN'], 'ke': [1147, 23], 'rsf': [0.229, 1.27]}",32,#ff1493,#668f8f,Metalloids,#33a02c
As,4,15.0,5,"{'trans': ['1s', '2s', '2p1/2', '2p3/2', '3s', '3p1/2', '3p3/2', '3d3/2', '3d5/2'], 'be': [11867, 1527, 1359.1, 1323.6, 204.7, 146.2, 141.2, 41.7, 41.7], 'rsf': [0.0001, 0.0001, 14.07, 27.19, 1.32, 1.39, 2.68, 0.741, 1.08]}","{'trans': ['LMM', 'MNN'], 'ke': [1228, 31], 'rsf': [0.211, 1.06]}",33,#ff1493,#bd80e3,Metalloids,#33a02c
Se,4,16.0,1,"{'trans': ['1s', '2s', '2p1/2', '2p3/2', '3s', '3p1/2', '3p3/2', '3d3/2', '3d5/2'], 'be': [12658, 1652, 1474.3, 1433.9, 229.6, 166.5, 160.7, 55.5, 54.6], 'rsf': [0.0001, 0.0001, 13.66, 25.9, 1.43, 1.55, 2.98, 0.934, 1.36]}","{'trans': ['LMM', 'MNN'], 'ke': [1315, 43], 'rsf': [0.194, 5.44]}",34,#ff1493,#ffa100,Nonmetals,#baa2a6
Br,4,17.0,6,"{'trans': ['1s', '2s', '2p1/2', '2p3/2', '3s', '3p1/2', '3p3/2', '3d3/2', '3d5/2'], 'be': [13474, 1782, 1596, 1550, 257, 189, 182, 70, 69], 'rsf': [0.0001, 0.0001, 0.0001, 0.0001, 1.53, 1.72, 3.31, 1.16, 1.68]}","{'trans': ['LMM', 'MNN'], 'ke': [1396, 55], 'rsf': [0.179, 4.37]}",35,#a52a2a,#a62929,Halogens,#fdbf6f
Kr,4,18.0,2,"{'trans': ['1s', '2s', '2p1/2', '2p3/2', '3s', '3p1/2', '3p3/2', '3d3/2', '3d5/2', '4s', '4p1/2', '4p3/2'], 'be': [14326, 1921, 1730.9, 1678.4, 292.8, 222.2, 214.4, 95, 93.8, 27.5, 14.1, 14.1], 'rsf': [0.0001, 0.0001, 0.0001, 0.0001, 1.64, 1.89, 3.65, 1.42, 2.06, 0.213, 0.1643, 0.312]}","{'trans': ['LMM'], 'ke': [1474], 'rsf': [0.164]}",36,#ff1493,#5cb8d1,Noble gases,#bbbb88
Rb,5,1.0,3,"{'trans': ['1s', '2s', '2p1/2', '2p3/2', '3s', '3p1/2', '3p3/2', '3d3/2', '3d5/2', '4s', '4p1/2', '4p3/2'], 'be': [15200, 2065, 1864, 1804, 326.7, 248.7, 239.1, 113, 112, 30.5, 16.3, 15.3], 'rsf': [0.0001, 0.0001, 0.0001, 0.0001, 1.75, 2.07, 4, 1.72, 2.49, 0.251, 0.214, 0.411]}","{'trans': ['LMM', 'MNN'], 'ke': [1565, 76], 'rsf': [0.152, 2.63]}",37,#ff1493,#702eb0,Alkali metals,#a6cee3
Sr,5,2.0,4,"{'trans': ['1s', '2s', '2p1/2', '2p3/2', '3s', '3p1/2', '3p3/2', '3d3/2', '3d5/2', '4s', '4p1/2', '4p3/2'], 'be': [16105, 2216, 2007, 1940, 358.7, 280.3, 270, 136, 134.2, 38.9, 21.3, 20.1], 'rsf': [0.0001, 0.0001, 0.0001, 0.0001, 1.86, 2.25, 4.37, 2.06, 2.99, 0.291, 0.265, 0.51]}","{'trans': ['LMM', 'MNN'], 'ke': [1649, 110], 'rsf': [0.14, 2.17]}",38,#ff1493,#00ff00,Alkaline earth metals,#1f78b4
Y,5,3.0,8,"{'trans': ['1s', '2s', '2p1/2', '2p3/2', '3s', '3p1/2', '3p3/2', '3d3/2', '3d5/2', '4s', '4p1/2', '4p3/2'], 'be': [17038, 2373, 2156, 2080, 392, 310.6, 298.8, 157.7, 155.8, 43.8, 24.4, 23.1], 'rsf': [0.0001, 0.0001, 0.0001, 0.0001, 1.98, 2.44, 4.75, 2.44, 3.54, 0.329, 0.311, 0.599]}","{'trans': ['LMM', 'MNN'], 'ke': [1746, 127], 'rsf': [0.129, 1.86]}",39,#ff1493,#94ffff,Transition metals,#e08e79
Zr,5,4.0,8,"{'trans': ['1s', '2s', '2p1/2', '2p3/2', '3s', '3p1/2', '3p3/2', '3d3/2', '3d5/2', '4s', '4p1/2', '4p3/2'], 'be': [17998, 2532, 2307, 2223, 430.3, 343.5, 329.8, 181.1, 178.8, 50.6, 28.5, 27.1], 'rsf': [0.0001, 0.0001, 0.0001, 0.0001, 2.1, 2.64, 5.14, 2.87, 4.17, 0.367, 0.357, 0.689]}","{'trans': ['LMM', 'MNN'], 'ke': [1845, 147], 'rsf': [0.119, 1.66]}",40,#ff1493,#94e0e0,Transition metals,#e08e79
Nb,5,5.0,8,"{'trans': ['1s', '2s', '2p1/2', '2p3/2', '3s', '3p1/2', '3p3/2', '3d3/2', '3d5/2', '4s', '4p1/2', '4p3/2'], 'be': [18986, 2698, 2465, 2371, 466.6, 376.1, 360.6, 205, 202.3, 56.4, 32.6, 30.8], 'rsf': [0.0001, 0.0001, 0.0001, 0.0001, 2.22, 2.84, 5.53, 3.35, 4.86, 0.402, 0.398, 0.767]}","{'trans': ['LMM', 'MNN'], 'ke': [1944, 167], 'rsf': [0.11, 1.5]}",41,#ff1493,#73c2c9,Transition metals,#e08e79
Mo,5,6.0,8,"{'trans': ['1s', '2s', '2p1/2', '2p3/2', '3s', '3p1/2', '3p3/2', '3d3/2', '3d5/2', '4s', '4p1/2', '4p3/2'], 'be': [20000, 2866, 2625, 2520, 506.3, 411.6, 394, 231.1, 227.9, 63.2, 37.6, 35.5], 'rsf': [0.0001, 0.0001, 0.0001, 0.0001, 2.34, 3.04, 5.94, 3.88, 5.62, 0.44, 0.445, 0.86]}","{'trans': ['LMM', 'MNN'], 'ke': [2044, 186], 'rsf': [0.101, 1.39]}",42,#ff1493,#54b5b5,Transition metals,#e08e79
Tc,5,7.0,8,"{'trans': ['1s', '2s', '2p1/2', '2p3/2', '3s', '3p1/2', '3p3/2', '3d3/2', '3d5/2', '4s', '4p1/2', '4p3/2'], 'be': [21044, 3043, 2793, 2677, 544, 447.6, 417.7, 257.6, 253.9, 69.5, 42.3, 39.9], 'rsf': [0.0001, 0.0001, 0.0001, 0.0001, 2.45, 3.23, 6.36, 4.46, 6.47, 0.479, 0.494, 0.955]}","{'trans': ['MNN'], 'ke': [249], 'rsf': [1.29]}",43,#ff1493,#3b9e9e,Transition metals,#e08e79
Ru,5,8.0,8,"{'trans': ['1s', '2s', '2p1/2', '2p3/2', '3s', '3p1/2', '3p3/2', '3d3/2', '3d5/2', '4s', '4p1/2', '4p3/2'], 'be': [22117, 3224, 2967, 2838, 586.1, 483.5, 461.4, 284.2, 280, 75, 46.3, 43.2], 'rsf': [0.0001, 0.0001, 0.0001, 0.0001, 2.57, 3.44, 6.78, 5.1, 7.39, 0.519, 0.544, 1.05]}","{'trans': ['MNN'], 'ke': [273], 'rsf': [1.2]}",44,#ff1493,#248f8f,Transition metals,#e08e79
Rh,5,9.0,8,"{'trans': ['1s', '2s', '2p1/2', '2p3/2', '3s', '3p1/2', '3p3/2', '3d3/2', '3d5/2', '4s', '4p1/2', '4p3/2'], 'be': [23220, 3412, 3146, 3004, 628.1, 521.3, 496.5, 311.9, 307.2, 81.4, 50.5, 47.3], 'rsf': [0.0001, 0.0001, 0.0001, 0.0001, 2.7, 3.64, 7.21, 5.8, 8.39, 0.56, 0.595, 1.15]}","{'trans': ['MNN'], 'ke': [302], 'rsf': [1.13]}",45,#ff1493,#0a7d8c,Transition metals,#e08e79
Pd,5,10.0,8,"{'trans': ['1s', '2s', '2p1/2', '2p3/2', '3s', '3p1/2', '3p3/2', '3d3/2', '3d5/2', '4s', '4p1/2', '4p3/2'], 'be': [24350, 3604, 3330, 3173, 671.6, 559.9, 532.3, 340.5, 335.2, 87.1, 55.7, 50.9], 'rsf': [0.0001, 0.0001, 0.0001, 0.0001, 2.81, 3.83, 7.63, 6.56, 9.48, 0.598, 0.641, 1.24]}","{'trans': ['MNN'], 'ke': [330], 'rsf': [1.07]}",46,#ff1493,#006985,Transition metals,#e08e79
Ag,5,11.0,8,"{'trans': ['1s', '2s', '2p1/2', '2p3/2', '3s', '3p1/2', '3p3/2', '3d3/2', '3d5/2', '4s', '4p1/2', '4p3/2'], 'be': [25514, 3806, 3524, 3351, 719, 603.8, 573, 374, 368.3, 97, 63.7, 58.3], 'rsf': [0.0001, 0.0001, 0.0001, 0.0001, 2.93, 4.03, 8.06, 7.38, 10.66, 0.644, 0.7, 1.36]}","{'trans': ['MNN'], 'ke': [351], 'rsf': [1]}",47,#808090,#c0c0c0,Transition metals,#e08e79
Cd,5,12.0,8,"{'trans': ['1s', '2s', '2p1/2', '2p3/2', '3s', '3p1/2', '3p3/2', '3d3/2', '3d5/2', '4s', '4p1/2', '4p3/2', '4d3/2', '4d5/2'], 'be': [26711, 4018, 3727, 3538, 772, 652.6, 618.4, 411.9, 405.2, 109.8, 63.9, 63.9, 11.7, 10.7], 'rsf': [0.0001, 0.0001, 0.0001, 0.0001, 3.04, 4.22, 8.5, 8.27, 11.95, 0.692, 0.762, 1.49, 0.778, 1.11]}","{'trans': ['MNN'], 'ke': [376], 'rsf': [0.931]}",48,#ff1493,#ffd98f,Transition metals,#e08e79
In,5,13.0,7,"{'trans': ['1s', '2s', '2p1/2', '2p3/2', '3s', '3p1/2', '3p3/2', '3d3/2', '3d5/2', '4s', '4p1/2', '4p3/2', '4d3/2', '4d5/2'], 'be': [27940, 4238, 3938, 3730, 827.2, 703.2, 665.3, 451.4, 443.9, 122.9, 73.5, 73.5, 17.7, 16.9], 'rsf': [0.0001, 0.0001, 0.0001, 0.0001, 3.16, 4.4, 8.93, 9.22, 13.32, 0.742, 0.828, 1.62, 0.935, 1.34]}","{'trans': ['MNN'], 'ke': [404], 'rsf': [0.867]}",49,#ff1493,#a67573,Poor metals,#b2df8a
Sn,5,14.0,7,"{'trans': ['1s', '2s', '2p1/2', '2p3/2', '3s', '3p1/2', '3p3/2', '3d3/2', '3d5/2', '4s', '4p1/2', '4p3/2', '4d3/2', '4d5/2'], 'be': [29200, 4465, 4156, 3929, 884.7, 756.5, 714.6, 493.2, 484.9, 137.1, 83.6, 83.6, 24.9, 23.9], 'rsf': [0.0001, 0.0001, 0.0001, 0.0001, 3.26, 4.58, 9.35, 10.25, 14.8, 0.794, 0.897, 1.77, 1.11, 1.59]}","{'trans': ['MNN'], 'ke': [430], 'rsf': [0.809]}",50,#ff1493,#668080,Poor metals,#b2df8a
Sb,5,15.0,5,"{'trans': ['1s', '2s', '2p1/2', '2p3/2', '3s', '3p1/2', '3p3/2', '3d3/2', '3d5/2', '4s', '4p1/2', '4p3/2', '4d3/2', '4d5/2'], 'be': [30491, 4698, 4380, 4132, 946, 812.7, 766.4, 537.5, 528.2, 153.2, 95.6, 95.6, 33.3, 32.1], 'rsf': [0.0001, 0.0001, 0.0001, 0.0001, 3.36, 4.76, 9.77, 11.35, 16.39, 0.848, 0.968, 1.91, 1.29, 1.85]}","{'trans': ['MNN'], 'ke': [454], 'rsf': [0.759]}",51,#ff1493,#9e63b5,Metalloids,#33a02c
Te,5,16.0,5,"{'trans': ['1s', '2s', '2p1/2', '2p3/2', '3s', '3p1/2', '3p3/2', '3d3/2', '3d5/2', '4s', '4p1/2', '4p3/2', '4d3/2', '4d5/2'], 'be': [31814, 4939, 4612, 4341, 1006, 870.8, 820, 583.4, 573, 169.4, 103.3, 103.3, 41.9, 40.4], 'rsf': [0.0001, 0.0001, 0.0001, 0.0001, 3.46, 4.92, 10.21, 12.52, 18.06, 0.903, 1.04, 2.07, 1.49, 2.14]}","{'trans': ['MNN', 'NOO'], 'ke': [483, 31], 'rsf': [0.713, 0.0001]}",52,#ff1493,#d47a00,Metalloids,#33a02c
I,5,17.0,6,"{'trans': ['1s', '2s', '2p1/2', '2p3/2', '3s', '3p1/2', '3p3/2', '3d3/2', '3d5/2', '4s', '4p1/2', '4p3/2', '4d3/2', '4d5/2'], 'be': [33169, 5188, 4852, 4557, 1072, 931, 875, 630.8, 619.3, 186, 123, 123, 50.6, 48.9], 'rsf': [0.0001, 0.0001, 0.0001, 0.0001, 3.53, 5.06, 10.62, 13.77, 19.87, 0.959, 1.11, 2.23, 1.69, 2.44]}","{'trans': ['MNN', 'NOO'], 'ke': [511, 37], 'rsf': [0.67, 0.0001]}",53,#a020f0,#940094,Halogens,#fdbf6f
Xe,5,18.0,2,"{'trans': ['1s', '2s', '2p1/2', '2p3/2', '3s', '3p1/2', '3p3/2', '3d3/2', '3d5/2', '4s', '4p1/2', '4p3/2', '4d3/2', '4d5/2', '5s', '5p1/2', '5p3/2'], 'be': [34561, 5453, 5107, 4786, 1148.7, 1002.1, 940.6, 689, 676.4, 213.2, 146.7, 145.5, 69.5, 67.5, 23.3, 13.4, 12.1], 'rsf': [0.0001, 0.0001, 0.0001, 0.0001, 3.62, 5.2, 10.99, 15.1, 21.79, 1.02, 1.19, 2.39, 1.92, 2.76, 0.1596, 0.1361, 0.26]}","{'trans': ['MNN', 'NOO'], 'ke': [532, 41], 'rsf': [0.626, 0.0001]}",54,#ff1493,#429eb0,Noble gases,#bbbb88
Cs,6,1.0,3,"{'trans': ['1s', '2s', '2p1/2', '2p3/2', '3s', '3p1/2', '3p3/2', '3d3/2', '3d5/2', '4s', '4p1/2', '4p3/2', '4d3/2', '4d5/2', '5s', '5p1/2', '5p3/2'], 'be': [35985, 5714, 5359, 5012, 1211, 1071, 1003, 740.5, 726.6, 232.3, 172.4, 161.3, 79.8, 77.5, 22.7, 14.2, 12.1], 'rsf': [0.0001, 0.0001, 0.0001, 0.0001, 3.73, 5.29, 11.38, 16.46, 23.76, 1.08, 1.27, 2.56, 2.15, 3.1, 0.1843, 0.1697, 0.332]}","{'trans': ['MNN', 'NOO'], 'ke': [563, 47], 'rsf': [0.589, 0.0001]}",55,#ff1493,#57178f,Alkali metals,#a6cee3
Ba,6,2.0,4,"{'trans': ['1s', '2s', '2p1/2', '2p3/2', '3s', '3p1/2', '3p3/2', '3d3/2', '3d5/2', '4s', '4p1/2', '4p3/2', '4d3/2', '4d5/2', '5s', '5p1/2', '5p3/2'], 'be': [37441, 5989, 5624, 5247, 1293, 1137, 1063, 795.7, 780.5, 253.5, 192, 178.6, 92.6, 89.9, 30.3, 17, 14.8], 'rsf': [0.0001, 0.0001, 0.0001, 0.0001, 3.84, 5.42, 11.71, 17.92, 25.84, 1.13, 1.34, 2.73, 2.4, 3.46, 0.21, 0.202, 0.4]}","{'trans': ['MNN', 'NOO'], 'ke': [584, 57], 'rsf': [0.554, 3.41]}",56,#ffa500,#00c900,Alkaline earth metals,#1f78b4
La,6,3.0,9,"{'trans': ['1s', '2s', '2p1/2', '2p3/2', '3s', '3p1/2', '3p3/2', '3d3/2', '3d5/2', '4s', '4p1/2', '4p3/2', '4d3/2', '4d5/2', '5s', '5p1/2', '5p3/2'], 'be': [38925, 6266, 5891, 5483, 1362, 1209, 1128, 853, 836, 274.7, 205.8, 196, 105.3, 102.5, 34.3, 19.3, 16.8], 'rsf': [0.0001, 0.0001, 0.0001, 0.0001, 3.89, 5.55, 12.11, 19.5, 28.12, 1.19, 1.42, 2.91, 2.67, 3.85, 0.234, 0.23, 0.458]}","{'trans': ['MNN', 'NOO'], 'ke': [625, 78], 'rsf': [0.527, 3.12]}",57,#ff1493,#70d4ff,Lanthanides,#cab2d6
Ce,6,100.0,9,"{'trans': ['1s', '2s', '2p1/2', '2p3/2', '3s', '3p1/2', '3p3/2', '3d3/2', '3d5/2', '4s', '4p1/2', '4p3/2', '4d3/2', '4f5/2', '4f7/2', '5s', '5p1/2', '5p3/2'], 'be': [40443, 6549, 6164, 5723, 1436, 1274, 1187, 902.4, 883.8, 291, 223.2, 206.5, 109, 0.1, 0.1, 37.8, 19.8, 17], 'rsf': [0.0001, 0.0001, 0.0001, 0.0001, 3.93, 5.66, 12.53, 21.12, 30.5, 1.24, 1.47, 3.03, 2.84, 0.0609, 0.078, 0.23, 0.221, 0.439]}","{'trans': ['MNN', 'NOO'], 'ke': [661, 82], 'rsf': [0.503, 2.79]}",58,#ff1493,#ffffc7,Lanthanides,#cab2d6
Pr,6,100.0,9,"{'trans': ['1s', '2s', '2p1/2', '2p3/2', '3s', '3p1/2', '3p3/2', '3d3/2', '3d5/2', '4s', '4p1/2', '4p3/2', '4d3/2', '4d5/2', '4f5/2', '4f7/2', '5s', '5p1/2', '5p3/2'], 'be': [41991, 6835, 6440, 5964, 1511, 1337, 1242, 948.3, 928.8, 304.5, 236.3, 217.6, 115.1, 115.1, 2, 2, 37.4, 22.3, 22.3], 'rsf': [0.0001, 0.0001, 0.0001, 0.0001, 3.98, 5.75, 12.94, 22.72, 32.85, 1.28, 1.53, 3.17, 3.07, 4.41, 0.1115, 0.143, 0.238, 0.229, 0.456]}","{'trans': ['MNN', 'NOO'], 'ke': [699, 87], 'rsf': [0.485, 2.72]}",59,#ff1493,#d9ffc7,Lanthanides,#cab2d6
Nd,6,100.0,9,"{'trans': ['1s', '2s', '2p1/2', '2p3/2', '3s', '3p1/2', '3p3/2', '3d3/2', '3d5/2', '4s', '4p1/2', '4p3/2', '4d3/2', '4d5/2', '4f5/2', '4f7/2', '5s', '5p1/2', '5p3/2'], 'be': [43569, 7126, 6722, 6208, 1575, 1403, 1297, 1003.3, 980.4, 319.2, 243.3, 224.6, 120.5, 120.5, 1.5, 1.5, 37.5, 21.1, 21.1], 'rsf': [0.0001, 0.0001, 0.0001, 0.0001, 0.0001, 5.75, 13.35, 24.27, 35.29, 1.33, 1.59, 3.31, 3.29, 4.74, 0.1788, 0.228, 0.247, 0.236, 0.472]}","{'trans': ['MNN', 'NOO'], 'ke': [730, 91], 'rsf': [0.469, 2.65]}",60,#ff1493,#c7ffc7,Lanthanides,#cab2d6
Pm,6,100.0,9,"{'trans': ['1s', '2s', '2p1/2', '2p3/2', '3p1/2', '3p3/2', '3d3/2', '3d5/2', '4p1/2', '4p3/2', '4d3/2', '4d5/2'], 'be': [45184, 7428, 7013, 6459, 1471, 1357, 1052, 1027, 242, 242, 120, 120], 'rsf': [0.0001, 0.0001, 0.0001, 0.0001, 5.72, 13.66, 26.08, 37.65, 1.64, 3.45, 3.52, 5.07]}","{'trans': [], 'ke': [], 'rsf': []}",61,#ff1493,#a3ffc7,Lanthanides,#cab2d6
Sm,6,100.0,9,"{'trans': ['1s', '2s', '2p1/2', '2p3/2', '3s', '3p1/2', '3p3/2', '3d3/2', '3d5/2', '4s', '4p1/2', '4p3/2', '4d3/2', '4d5/2', '4f5/2', '4f7/2', '5s', '5p1/2', '5p3/2'], 'be': [46834, 7737, 7312, 6716, 1723, 1541, 1420, 1110.9, 1083.4, 347.2, 265.6, 247.4, 129, 129, 5.2, 5.2, 37.4, 21.3, 21.3], 'rsf': [0.0001, 0.0001, 0.0001, 0.0001, 0.0001, 0.0001, 13.84, 27.96, 40.37, 1.42, 1.7, 3.59, 3.76, 5.4, 0.374, 0.477, 0.261, 0.249, 0.501]}","{'trans': ['MNN', 'NOO'], 'ke': [814, 100], 'rsf': [0.435, 2.43]}",62,#ff1493,#8fffc7,Lanthanides,#cab2d6
Eu,6,100.0,9,"{'trans': ['1s', '2s', '2p1/2', '2p3/2', '3s', '3p1/2', '3p3/2', '3d3/2', '3d5/2', '4s', '4p1/2', '4p3/2', '4d3/2', '4d5/2', '5s', '5p1/2', '5p3/2'], 'be': [48519, 8052, 7617, 6977, 1800, 1614, 1481, 1158.6, 1127.5, 360, 284, 257, 133, 127.7, 32, 22, 22], 'rsf': [0.0001, 0.0001, 0.0001, 0.0001, 0.0001, 0.0001, 14.3, 29.91, 43.24, 1.46, 1.75, 3.72, 3.99, 5.74, 0.268, 0.255, 0.515]}","{'trans': ['MNN', 'NOO'], 'ke': [858, 109], 'rsf': [0.42, 2.37]}",63,#ff1493,#61ffc7,Lanthanides,#cab2d6
Gd,6,100.0,9,"{'trans': ['1s', '2s', '2p1/2', '2p3/2', '3s', '3p1/2', '3p3/2', '3d3/2', '3d5/2', '4s', '4p1/2', '4p3/2', '4d5/2', '4f5/2', '4f7/2', '5s', '5p1/2', '5p3/2'], 'be': [50239, 8376, 7930, 7243, 1881, 1688, 1544, 1221.9, 1189.6, 378.6, 286, 271, 142.6, 8.6, 8.6, 36, 28, 21], 'rsf': [0.0001, 0.0001, 0.0001, 0.0001, 0.0001, 0.0001, 0.0001, 31.98, 46.23, 1.51, 1.8, 3.88, 6.14, 0.63, 0.804, 0.288, 0.279, 0.568]}","{'trans': ['MNN', 'NOO'], 'ke': [895, 138], 'rsf': [0.405, 2.26]}",64,#ff1493,#45ffc7,Lanthanides,#cab2d6
Tb,6,100.0,9,"{'trans': ['1s', '2s', '2p1/2', '2p3/2', '3s', '3p1/2', '3p3/2', '3d3/2', '3d5/2', '4s', '4p1/2', '4p3/2', '4d3/2', '4d5/2', '4f5/2', '4f7/2', '5s', '5p1/2', '5p3/2'], 'be': [51996, 8708, 8252, 7514, 1968, 1768, 1611, 1276.9, 1241.1, 396, 322.4, 284.1, 150.5, 150.5, 7.7, 2.4, 45.6, 28.7, 22.6], 'rsf': [0.0001, 0.0001, 0.0001, 0.0001, 0.0001, 0.0001, 0.0001, 34.2, 49.42, 1.54, 1.84, 3.99, 4.46, 6.41, 0.867, 1.1, 0.281, 0.265, 0.539]}","{'trans': ['MNN', 'NOO'], 'ke': [1073, 146], 'rsf': [0.39, 2.15]}",65,#ff1493,#30ffc7,Lanthanides,#cab2d6
Dy,6,100.0,9,"{'trans': ['1s', '2s', '2p1/2', '2p3/2', '3s', '3p1/2', '3p3/2', '3d3/2', '3d5/2', '4s', '4p1/2', '4p3/2', '4d3/2', '4d5/2', '4f5/2', '4f7/2', '5s', '5p1/2', '5p3/2'], 'be': [53789, 9046, 8581, 7790, 2047, 1842, 1676, 1333, 1292.6, 414.2, 333.5, 293.2, 153.6, 153.6, 8, 4.3, 49.9, 26.3, 26.3], 'rsf': [0.0001, 0.0001, 0.0001, 0.0001, 0.0001, 0.0001, 0.0001, 36.65, 52.83, 1.58, 1.88, 4.12, 4.69, 6.74, 1.1, 1.39, 0.287, 0.27, 0.551]}","{'trans': ['MNN', 'NOO'], 'ke': [1126, 151], 'rsf': [0.377, 2.07]}",66,#ff1493,#1fffc7,Lanthanides,#cab2d6
Ho,6,100.0,9,"{'trans': ['1s', '2s', '2p1/2', '2p3/2', '3s', '3p1/2', '3p3/2', '3d3/2', '3d5/2', '4s', '4p1/2', '4p3/2', '4d3/2', '4d5/2', '4f5/2', '4f7/2', '5s', '5p1/2', '5p3/2'], 'be': [55618, 9394, 8918, 8071, 2128, 1923, 1741, 1392, 1351, 432.4, 343.5, 308.2, 160, 160, 8.6, 5.2, 49.3, 30.8, 24.1], 'rsf': [0.0001, 0.0001, 0.0001, 0.0001, 0.0001, 0.0001, 0.0001, 39.19, 56.66, 1.61, 1.91, 4.24, 4.92, 7.08, 1.37, 1.73, 0.293, 0.274, 0.562]}","{'trans': ['MNN', 'NOO'], 'ke': [1175, 157], 'rsf': [0.365, 1.98]}",67,#ff1493,#00ff9c,Lanthanides,#cab2d6
Er,6,100.0,9,"{'trans': ['1s', '2s', '2p1/2', '2p3/2', '3s', '3p1/2', '3p3/2', '3d3/2', '3d5/2', '4s', '4p1/2', '4p3/2', '4d3/2', '4d5/2', '4f7/2', '5s', '5p1/2', '5p3/2'], 'be': [57486, 9751, 9264, 8358, 2207, 2006, 1812, 1453, 1409, 449.8, 366.2, 320.2, 167.6, 167.6, 4.7, 50.6, 31.4, 24.7], 'rsf': [0.0001, 0.0001, 0.0001, 0.0001, 0.0001, 0.0001, 0.0001, 36.7, 60.42, 1.64, 1.95, 4.37, 5.15, 7.41, 2.13, 0.298, 0.277, 0.572]}","{'trans': ['MNN', 'NOO'], 'ke': [1393, 163], 'rsf': [0.352, 1.87]}",68,#ff1493,#00e675,Lanthanides,#cab2d6
Tm,6,100.0,9,"{'trans': ['1s', '2s', '2p1/2', '2p3/2', '3s', '3p1/2', '3p3/2', '3d3/2', '3d5/2', '4s', '4p1/2', '4p3/2', '4d3/2', '4d5/2', '4f7/2', '5s', '5p1/2', '5p3/2'], 'be': [59390, 10116, 9617, 8648, 2307, 2090, 1885, 1515, 1468, 470.9, 385.9, 332.6, 175.5, 175.5, 4.6, 54.7, 31.8, 25], 'rsf': [0.0001, 0.0001, 0.0001, 0.0001, 0.0001, 0.0001, 0.0001, 0.0001, 41.01, 1.67, 1.98, 4.48, 5.38, 7.74, 2.59, 0.303, 0.281, 0.583]}","{'trans': ['MNN', 'NOO'], 'ke': [1449, 166], 'rsf': [0.34, 1.78]}",69,#ff1493,#00d452,Lanthanides,#cab2d6
Yb,6,100.0,9,"{'trans': ['1s', '2s', '2p1/2', '2p3/2', '3s', '3p1/2', '3p3/2', '3d3/2', '3d5/2', '4s', '4p1/2', '4p3/2', '4d3/2', '4d5/2', '4f5/2', '4f7/2', '5s', '5p1/2', '5p3/2'], 'be': [61332, 10486, 9978, 8944, 2398, 2173, 1950, 1576, 1528, 480.5, 388.7, 339.7, 191.2, 182.4, 2.5, 1.3, 52, 30.3, 24.1], 'rsf': [0.0001, 0.0001, 0.0001, 0.0001, 0.0001, 0.0001, 0.0001, 0.0001, 0.0001, 1.7, 2, 4.6, 5.61, 8.07, 2.47, 3.11, 0.308, 0.284, 0.592]}","{'trans': ['MNN', 'NOO'], 'ke': [1514, 170], 'rsf': [0.329, 1.69]}",70,#ff1493,#00bf38,Lanthanides,#cab2d6
Lu,6,100.0,8,"{'trans': ['1s', '2s', '2p1/2', '2p3/2', '3s', '3p1/2', '3p3/2', '3d3/2', '3d5/2', '4s', '4p1/2', '4p3/2', '4d3/2', '4d5/2', '4f5/2', '4f7/2', '5s', '5p1/2', '5p3/2'], 'be': [63314, 10870, 10349, 9244, 2491, 2264, 2024, 1639, 1589, 506.8, 412.4, 359.2, 206.1, 196.3, 8.9, 7.5, 57.3, 33.6, 26.7], 'rsf': [0.0001, 0.0001, 0.0001, 0.0001, 0.0001, 0.0001, 0.0001, 0.0001, 0.0001, 1.73, 2.03, 4.74, 5.87, 8.45, 2.87, 3.63, 0.326, 0.304, 0.645]}","{'trans': ['MNN', 'NOO'], 'ke': [1573, 177], 'rsf': [0.317, 1.61]}",71,#ff1493,#00ab24,Transition metals,#e08e79
Hf,6,4.0,8,"{'trans': ['1s', '2s', '2p1/2', '2p3/2', '3s', '3p1/2', '3p3/2', '3d3/2', '3d5/2', '4s', '4p1/2', '4p3/2', '4d3/2', '4d5/2', '4f5/2', '4f7/2', '5s', '5p1/2', '5p3/2'], 'be': [65351, 11271, 10739, 9561, 2601, 2365, 2108, 1716, 1662, 538, 438.2, 380.7, 220, 211.5, 15.9, 14.2, 64.2, 38, 29.9], 'rsf': [0.0001, 0.0001, 0.0001, 0.0001, 0.0001, 0.0001, 0.0001, 0.0001, 0.0001, 1.76, 2.06, 4.88, 6.13, 8.84, 3.32, 4.2, 0.344, 0.325, 0.699]}","{'trans': ['MNN', 'NOO'], 'ke': [1624, 185], 'rsf': [0.303, 1.47]}",72,#ff1493,#4dc2ff,Transition metals,#e08e79
Ta,6,5.0,8,"{'trans': ['1s', '2s', '2p1/2', '2p3/2', '3s', '3p1/2', '3p3/2', '3d3/2', '3d5/2', '4s', '4p1/2', '4p3/2', '4d3/2', '4d5/2', '4f5/2', '4f7/2', '5s', '5p1/2', '5p3/2'], 'be': [67416, 11682, 11136, 9881, 2708, 2469, 2194, 1793, 1735, 563.4, 463.4, 400.9, 237.9, 226.4, 23.5, 21.6, 69.7, 42.2, 32.7], 'rsf': [0.0001, 0.0001, 0.0001, 0.0001, 0.0001, 0.0001, 0.0001, 0.0001, 0.0001, 1.79, 2.08, 5.02, 6.4, 9.24, 3.8, 4.82, 0.363, 0.346, 0.754]}","{'trans': ['MNN', 'NOO'], 'ke': [1680, 179], 'rsf': [0.29, 1.35]}",73,#ff1493,#4da6ff,Transition metals,#e08e79
W,6,6.0,8,"{'trans': ['1s', '2s', '2p1/2', '2p3/2', '3s', '3p1/2', '3p3/2', '3d3/2', '3d5/2', '4s', '4p1/2', '4p3/2', '4d3/2', '4d5/2', '4f5/2', '4f7/2', '5s', '5p1/2', '5p3/2'], 'be': [69525, 12100, 11544, 10207, 2820, 2575, 2281, 1872, 1809, 594.1, 490.4, 423.6, 255.9, 243.5, 33.6, 31.4, 75.6, 45.3, 36.8], 'rsf': [0.0001, 0.0001, 0.0001, 0.0001, 0.0001, 0.0001, 0.0001, 0.0001, 0.0001, 1.81, 2.1, 5.16, 6.68, 9.65, 4.32, 5.48, 0.383, 0.367, 0.811]}","{'trans': ['MNN', 'NOO'], 'ke': [1736, 179], 'rsf': [0.278, 1.25]}",74,#ff1493,#2194d6,Transition metals,#e08e79
Re,6,7.0,8,"{'trans': ['1s', '2s', '2p1/2', '2p3/2', '3s', '3p1/2', '3p3/2', '3d3/2', '3d5/2', '4s', '4p1/2', '4p3/2', '4d3/2', '4d5/2', '4f5/2', '4f7/2', '5s', '5p1/2', '5p3/2'], 'be': [71676, 12527, 11959, 10535, 2932, 2682, 2367, 1949, 1883, 625.4, 518.7, 446.8, 273.9, 260.5, 42.9, 40.5, 83, 45.6, 34.6], 'rsf': [0.0001, 0.0001, 0.0001, 0.0001, 0.0001, 0.0001, 0.0001, 0.0001, 0.0001, 1.84, 2.12, 5.3, 6.95, 10.06, 4.88, 6.2, 0.402, 0.387, 0.869]}","{'trans': ['MNN', 'NOO'], 'ke': [1799, 176], 'rsf': [0.267, 1.17]}",75,#ff1493,#267dab,Transition metals,#e08e79
Os,6,8.0,8,"{'trans': ['1s', '2s', '2p1/2', '2p3/2', '3s', '3p1/2', '3p3/2', '3d3/2', '3d5/2', '4s', '4p1/2', '4p3/2', '4d3/2', '4d5/2', '4f5/2', '4f7/2', '5s', '5p1/2', '5p3/2'], 'be': [73871, 12968, 12385, 10871, 3049, 2792, 2457, 2031, 1960, 658.2, 549.1, 470.7, 293.1, 278.5, 53.4, 50.7, 84, 58, 44.5], 'rsf': [0.0001, 0.0001, 0.0001, 0.0001, 0.0001, 0.0001, 0.0001, 0.0001, 0.0001, 1.86, 2.13, 5.45, 7.23, 10.48, 5.48, 6.96, 0.422, 0.408, 0.928]}","{'trans': ['MNN', 'NOO'], 'ke': [1850, 170], 'rsf': [0.255, 1.11]}",76,#ff1493,#266696,Transition metals,#e08e79
Ir,6,9.0,8,"{'trans': ['1s', '2s', '2p1/2', '2p3/2', '3s', '3p1/2', '3p3/2', '3d3/2', '3d5/2', '4s', '4p1/2', '4p3/2', '4d3/2', '4d5/2', '4f5/2', '4f7/2', '5s', '5p1/2', '5p3/2'], 'be': [76111, 13419, 12824, 11215, 3174, 2909, 2551, 2116, 2040, 691.1, 577.8, 495.8, 311.9, 296.3, 63.8, 60.8, 95.2, 63, 48], 'rsf': [0.0001, 0.0001, 0.0001, 0.0001, 0.0001, 0.0001, 0.0001, 0.0001, 0.0001, 1.88, 2.14, 5.59, 7.51, 10.9, 6.12, 7.78, 0.438, 0.422, 0.967]}","{'trans': ['MNN', 'NOO'], 'ke': [1908, 171], 'rsf': [0.244, 1.01]}",77,#ff1493,#175487,Transition metals,#e08e79
Pt,6,10.0,8,"{'trans': ['1s', '2s', '2p1/2', '2p3/2', '3s', '3p1/2', '3p3/2', '3d3/2', '3d5/2', '4s', '4p1/2', '4p3/2', '4d3/2', '4d5/2', '4f5/2', '4f7/2', '5s', '5p1/2', '5p3/2'], 'be': [78395, 13880, 13273, 11564, 3296, 3027, 2645, 2202, 2122, 725.4, 609.1, 519.4, 331.6, 314.6, 74.5, 71.2, 101.7, 65.3, 51.7], 'rsf': [0.0001, 0.0001, 0.0001, 0.0001, 0.0001, 0.0001, 0.0001, 0.0001, 0.0001, 1.9, 2.14, 5.74, 7.78, 11.32, 6.81, 8.65, 0.459, 0.444, 1.04]}","{'trans': ['MNN', 'NOO'], 'ke': [1967, 168], 'rsf': [0.234, 5.48]}",78,#ff1493,#d0d0e0,Transition metals,#e08e79
Au,6,11.0,8,"{'trans': ['1s', '2s', '2p1/2', '2p3/2', '3s', '3p1/2', '3p3/2', '3d3/2', '3d5/2', '4s', '4p1/2', '4p3/2', '4d3/2', '4d5/2', '4f5/2', '4f7/2', '5s', '5p1/2', '5p3/2'], 'be': [80725, 14353, 13734, 11919, 3425, 3148, 2743, 2291, 2206, 762.1, 642.7, 546.3, 353.2, 335.1, 87.6, 84, 107.2, 74.2, 57.2], 'rsf': [0.0001, 0.0001, 0.0001, 0.0001, 0.0001, 0.0001, 0.0001, 0.0001, 0.0001, 1.92, 2.14, 5.89, 8.06, 11.74, 7.54, 9.58, 0.479, 0.463, 1.1]}","{'trans': ['MNN', 'NOO'], 'ke': [2024, 239], 'rsf': [0.223, 4.6]}",79,#daa520,#ffd123,Transition metals,#e08e79
Hg,6,12.0,8,"{'trans': ['1s', '2s', '2p1/2', '2p3/2', '3s', '3p1/2', '3p3/2', '3d3/2', '3d5/2', '4s', '4p1/2', '4p3/2', '4d3/2', '4d5/2', '4f5/2', '4f7/2', '5s', '5p1/2', '5p3/2', '5d3/2', '5d5/2'], 'be': [83102, 14839, 14209, 12284, 3562, 3279, 2847, 2385, 2295, 802.2, 680.2, 576.6, 378.2, 358.8, 104, 99.9, 127, 83.1, 64.5, 9.6, 7.8], 'rsf': [0.0001, 0.0001, 0.0001, 0.0001, 0.0001, 0.0001, 0.0001, 0.0001, 0.0001, 1.94, 2.14, 6.04, 8.33, 12.17, 8.32, 10.57, 0.5, 0.484, 1.17, 0.869, 1.21]}","{'trans': ['MNN', 'NOO'], 'ke': [2078, 241], 'rsf': [0.213, 3.78]}",80,#ff1493,#b8b8d0,Transition metals,#e08e79
Tl,6,13.0,7,"{'trans': ['1s', '2s', '2p1/2', '2p3/2', '3s', '3p1/2', '3p3/2', '3d3/2', '3d5/2', '4s', '4p1/2', '4p3/2', '4d3/2', '4d5/2', '4f5/2', '4f7/2', '5s', '5p1/2', '5p3/2', '5d3/2', '5d5/2'], 'be': [85530, 15347, 14698, 12658, 3704, 3416, 2957, 2485, 2389, 846.2, 720.5, 609.5, 405.7, 385, 122.2, 117.8, 136, 94.6, 73.5, 14.7, 12.5], 'rsf': [0.0001, 0.0001, 0.0001, 0.0001, 0.0001, 0.0001, 0.0001, 0.0001, 0.0001, 1.95, 2.13, 6.19, 8.6, 12.6, 9.14, 11.62, 0.52, 0.505, 1.25, 0.991, 1.39]}","{'trans': ['MNN', 'NOO'], 'ke': [2134, 244], 'rsf': [0.202, 3.06]}",81,#ff1493,#a6544d,Poor metals,#b2df8a
Pb,6,14.0,7,"{'trans': ['1s', '2s', '2p1/2', '2p3/2', '3s', '3p1/2', '3p3/2', '3d3/2', '3d5/2', '4s', '4p1/2', '4p3/2', '4d3/2', '4d5/2', '4f5/2', '4f7/2', '5s', '5p1/2', '5p3/2', '5d3/2', '5d5/2'], 'be': [88005, 15861, 15200, 13035, 3851, 3554, 3066, 2586, 2484, 891.8, 761.9, 643.5, 434.3, 412.2, 141.7, 136.9, 147, 106.4, 83.3, 20.7, 18.1], 'rsf': [0.0001, 0.0001, 0.0001, 0.0001, 0.0001, 0.0001, 0.0001, 0.0001, 0.0001, 1.96, 2.12, 6.33, 8.87, 13.02, 10.01, 12.73, 0.542, 0.526, 1.33, 1.11, 1.58]}","{'trans': ['MNN', 'NOO'], 'ke': [2186, 249], 'rsf': [0.192, 2.58]}",82,#ff1493,#575961,Poor metals,#b2df8a
Bi,6,15.0,7,"{'trans': ['1s', '2s', '2p1/2', '2p3/2', '3s', '3p1/2', '3p3/2', '3d3/2', '3d5/2', '4s', '4p1/2', '4p3/2', '4d3/2', '4d5/2', '4f5/2', '4f7/2', '5s', '5p1/2', '5p3/2', '5d3/2', '5d5/2'], 'be': [90524, 16388, 15711, 13419, 3999, 3696, 3177, 2688, 2580, 939, 805.2, 678.8, 464, 440.1, 162.3, 157, 159.3, 119, 92.6, 26.9, 23.8], 'rsf': [0.0001, 0.0001, 0.0001, 0.0001, 0.0001, 0.0001, 0.0001, 0.0001, 0.0001, 1.96, 2.1, 6.48, 9.14, 13.44, 10.93, 13.9, 0.563, 0.546, 1.41, 1.24, 1.76]}","{'trans': ['MNN'], 'ke': [2243], 'rsf': [0.183]}",83,#ff1493,#9e4fb5,Poor metals,#b2df8a
Po,6,16.0,5,"{'trans': ['1s', '2s', '2p1/2', '2p3/2', '3s', '3p1/2', '3p3/2', '3d3/2', '3d5/2', '4s', '4p1/2', '4p3/2', '4d3/2', '4d5/2', '4f5/2', '4f7/2', '5s', '5p1/2', '5p3/2', '5d3/2', '5d5/2'], 'be': [93105, 16939, 16244, 13814, 4149, 3854, 3302, 2798, 2683, 995, 851, 705, 500, 473, 184, 184, 177, 132, 104, 31, 31], 'rsf': [0.0001, 0.0001, 0.0001, 0.0001, 0.0001, 0.0001, 0.0001, 0.0001, 0.0001, 1.97, 2.07, 6.62, 9.4, 13.87, 11.9, 15.14, 0.584, 0.566, 1.5, 1.36, 1.95]}","{'trans': [], 'ke': [], 'rsf': []}",84,#ff1493,#ab5c00,Metalloids,#33a02c
At,6,17.0,6,"{'trans': ['1s', '2s', '2p1/2', '2p3/2', '3s', '3p1/2', '3p3/2', '3d3/2', '3d5/2', '4s', '4p1/2', '4p3/2', '4d3/2', '4d5/2', '4f5/2', '4f7/2', '5s', '5p1/2', '5p3/2', '5d3/2', '5d5/2'], 'be': [95730, 17493, 16785, 14214, 4317, 4008, 3426, 2909, 2787, 1042, 886, 740, 533, 507, 210, 210, 195, 148, 115, 40, 40], 'rsf': [0.0001, 0.0001, 0.0001, 0.0001, 0.0001, 0.0001, 0.0001, 0.0001, 0.0001, 1.96, 2.04, 6.77, 9.65, 14.29, 12.92, 16.44, 0.605, 0.584, 1.58, 1.49, 2.14]}","{'trans': [], 'ke': [], 'rsf': []}",85,#ff1493,#754f45,Halogens,#fdbf6f
Rn,6,18.0,2,"{'trans': ['1s', '2s', '2p1/2', '2p3/2', '3s', '3p1/2', '3p3/2', '3d3/2', '3d5/2', '4s', '4p1/2', '4p3/2', '4d3/2', '4d5/2', '4f5/2', '4f7/2', '5s', '5p1/2', '5p3/2', '5d3/2', '5d5/2', '6s'], 'be': [98404, 18049, 17337, 14619, 4482, 4159, 3538, 3022, 2892, 1097, 929, 768, 567, 541, 238, 238, 214, 164, 127, 48, 48, 26], 'rsf': [0.0001, 0.0001, 0.0001, 0.0001, 0.0001, 0.0001, 0.0001, 0.0001, 0.0001, 1.95, 2, 6.92, 9.9, 14.7, 14, 17.81, 0.625, 0.602, 1.67, 1.62, 2.33, 0.1129]}","{'trans': [], 'ke': [], 'rsf': []}",86,#ffffff,#428296,Noble gases,#bbbb88
Fr,7,1.0,3,"{'trans': ['1s', '2s', '2p1/2', '2p3/2', '3s', '3p1/2', '3p3/2', '3d3/2', '3d5/2', '4s', '4p1/2', '4p3/2', '4d3/2', '4d5/2', '4f5/2', '4f7/2', '5s', '5p1/2', '5p3/2', '5d3/2', '5d5/2', '6s', '6p1/2', '6p3/2'], 'be': [101137, 18639, 17907, 15031, 4652, 4327, 3663, 3136, 3000, 1153, 980, 810, 603, 577, 268, 268, 234, 182, 140, 58, 58, 34, 15, 15], 'rsf': [0.0001, 0.0001, 0.0001, 0.0001, 0.0001, 0.0001, 0.0001, 0.0001, 0.0001, 1.95, 1.97, 7.07, 10.16, 15.11, 15.12, 19.24, 0.645, 0.618, 1.77, 1.75, 2.53, 0.1257, 0.0966, 0.24]}","{'trans': [], 'ke': [], 'rsf': []}",87,#ffffff,#420066,Alkali metals,#a6cee3
Ra,7,2.0,4,"{'trans': ['1s', '2s', '2p1/2', '2p3/2', '3s', '3p1/2', '3p3/2', '3d3/2', '3d5/2', '4s', '4p1/2', '4p3/2', '4d3/2', '4d5/2', '4f5/2', '4f7/2', '5s', '5p1/2', '5p3/2', '5d3/2', '5d5/2', '6s', '6p1/2', '6p3/2'], 'be': [103922, 19237, 18484, 15444, 4822, 4490, 3792, 3248, 3105, 1208, 1058, 879, 636, 603, 299, 299, 254, 200, 153, 68, 68, 44, 19, 19], 'rsf': [0.0001, 0.0001, 0.0001, 0.0001, 0.0001, 0.0001, 0.0001, 0.0001, 0.0001, 1.95, 1.91, 7.2, 10.4, 15.53, 16.3, 20.74, 0.665, 0.633, 1.86, 1.88, 2.73, 0.1383, 0.1099, 0.286]}","{'trans': [], 'ke': [], 'rsf': []}",88,#ffffff,#007d00,Alkaline earth metals,#1f78b4
Ac,7,3.0,10,"{'trans': ['1s', '2s', '2p1/2', '2p3/2', '3s', '3p1/2', '3p3/2', '3d3/2', '3d5/2', '4s', '4p1/2', '4p3/2', '4d3/2', '4d5/2', '4f5/2', '4f7/2', '5s', '5p1/2', '5p3/2', '5d3/2', '5d5/2'], 'be': [106755, 19840, 19083, 15871, 5002, 4656, 3909, 3370, 3219, 1269, 1080, 890, 675, 639, 319, 319, 272, 215, 167, 80, 80], 'rsf': [0.0001, 0.0001, 0.0001, 0.0001, 0.0001, 0.0001, 0.0001, 0.0001, 0.0001, 1.95, 1.86, 7.33, 10.61, 15.93, 17.53, 22.3, 0.684, 0.647, 1.95, 2.02, 2.94]}","{'trans': [], 'ke': [], 'rsf': []}",89,#ffffff,#70abfa,Actinides,#6a3d9a
Th,7,100.0,10,"{'trans': ['1s', '2s', '2p1/2', '2p3/2', '3s', '3p1/2', '3p3/2', '3d3/2', '3d5/2', '4s', '4p1/2', '4p3/2', '4d3/2', '4d5/2', '4f5/2', '4f7/2', '5s', '5p1/2', '5p3/2', '5d3/2', '5d5/2', '6s', '6p1/2', '6p3/2'], 'be': [109651, 20472, 19693, 16300, 5182, 4830, 4046, 3491, 3332, 1330, 1168, 966.4, 712.1, 675.2, 342.4, 333.1, 290, 229, 182, 92.5, 85.4, 41.4, 24.5, 16.6], 'rsf': [0.0001, 0.0001, 0.0001, 0.0001, 0.0001, 0.0001, 0.0001, 0.0001, 0.0001, 1.95, 1.9, 7.46, 10.82, 16.31, 18.81, 23.94, 0.702, 0.66, 2.05, 2.15, 3.15, 0.1625, 0.1325, 0.366]}","{'trans': [], 'ke': [], 'rsf': []}",90,#ff1493,#00baff,Actinides,#6a3d9a
Pa,7,100.0,10,"{'trans': ['1s', '2s', '2p1/2', '2p3/2', '3s', '3p1/2', '3p3/2', '3d3/2', '3d5/2', '4s', '4p1/2', '4p3/2', '4d3/2', '4d5/2', '4f5/2', '4f7/2', '5s', '5p1/2', '5p3/2', '5d3/2', '5d5/2'], 'be': [112601, 21105, 20314, 16733, 5367, 5001, 4174, 3611, 3442, 1387, 1224, 1007, 743, 708, 371, 360, 310, 232, 232, 94, 94], 'rsf': [0.0001, 0.0001, 0.0001, 0.0001, 0.0001, 0.0001, 0.0001, 0.0001, 0.0001, 1.92, 1.74, 7.61, 11.04, 16.47, 20.12, 25.6, 0.718, 0.667, 2.13, 2.25, 3.29]}","{'trans': [], 'ke': [], 'rsf': []}",91,#ffffff,#00a1ff,Actinides,#6a3d9a
U,7,100.0,10,"{'trans': ['1s', '2s', '2p1/2', '2p3/2', '3s', '3p1/2', '3p3/2', '3d3/2', '3d5/2', '4s', '4p1/2', '4p3/2', '4d3/2', '4d5/2', '4f5/2', '4f7/2', '5s', '5p1/2', '5p3/2', '5d3/2', '5d5/2', '6s', '6p1/2', '6p3/2'], 'be': [115606, 21757, 20948, 17166, 5548, 5182, 4303, 3728, 3552, 1439, 1271, 1043, 778.3, 736.2, 388.2, 377.4, 321, 257, 192, 102.8, 94.2, 43.9, 26.8, 16.8], 'rsf': [0.0001, 0.0001, 0.0001, 0.0001, 0.0001, 0.0001, 0.0001, 0.0001, 0.0001, 1.9, 1.68, 7.71, 11.25, 17.05, 21.5, 27.36, 0.732, 0.674, 2.22, 2.36, 3.46, 0.1682, 0.133, 0.376]}","{'trans': [], 'ke': [], 'rsf': []}",92,#ff1493,#008fff,Actinides,#6a3d9a
